grp_process_ORB_8_0_1080_1920_1_s_fu_8070,height_c_U,,chan_status1.csv
grp_process_ORB_8_0_1080_1920_1_s_fu_8070,height_c21_U,,chan_status2.csv
grp_process_ORB_8_0_1080_1920_1_s_fu_8070,width_c_U,,chan_status3.csv
grp_process_ORB_8_0_1080_1920_1_s_fu_8070,width_c22_U,,chan_status4.csv
grp_process_ORB_8_0_1080_1920_1_s_fu_8070,height_new_c_U,,chan_status5.csv
grp_process_ORB_8_0_1080_1920_1_s_fu_8070,width_new_c_U,,chan_status6.csv
grp_process_ORB_8_0_1080_1920_1_s_fu_8070,threshold_c_U,,chan_status7.csv
grp_process_ORB_8_0_1080_1920_1_s_fu_8070,img_mat_rows_c_U,,chan_status8.csv
grp_process_ORB_8_0_1080_1920_1_s_fu_8070,img_mat_cols_c_U,,chan_status9.csv
grp_process_ORB_8_0_1080_1920_1_s_fu_8070,height_new_c23_U,,chan_status10.csv
grp_process_ORB_8_0_1080_1920_1_s_fu_8070,resized_mat_rows_c_U,,chan_status11.csv
grp_process_ORB_8_0_1080_1920_1_s_fu_8070,width_new_c24_U,,chan_status12.csv
grp_process_ORB_8_0_1080_1920_1_s_fu_8070,resized_mat_cols_c_U,,chan_status13.csv
grp_process_ORB_8_0_1080_1920_1_s_fu_8070,img_U,,chan_status14.csv
grp_process_ORB_8_0_1080_1920_1_s_fu_8070,img_mat_data_U,,chan_status15.csv
grp_process_ORB_8_0_1080_1920_1_s_fu_8070,img_mat_rows_c25_U,,chan_status16.csv
grp_process_ORB_8_0_1080_1920_1_s_fu_8070,img_mat_cols_c26_U,,chan_status17.csv
grp_process_ORB_8_0_1080_1920_1_s_fu_8070,resized_mat_data_U,,chan_status18.csv
grp_process_ORB_8_0_1080_1920_1_s_fu_8070,resized_mat_rows_c27_U,,chan_status19.csv
grp_process_ORB_8_0_1080_1920_1_s_fu_8070,resized_mat_cols_c28_U,,chan_status20.csv
grp_process_ORB_8_0_1080_1920_1_s_fu_8070,resized_img_U,,chan_status21.csv
grp_process_ORB_8_0_1080_1920_1_s_fu_8070,img1_U,,chan_status22.csv
grp_process_ORB_8_0_1080_1920_1_s_fu_8070,blur1_U,,chan_status23.csv
grp_process_ORB_8_0_1080_1920_1_s_fu_8070,height_new_c29_U,,chan_status24.csv
grp_process_ORB_8_0_1080_1920_1_s_fu_8070,width_new_c30_U,,chan_status25.csv
grp_process_ORB_8_0_1080_1920_1_s_fu_8070,img2_U,,chan_status26.csv
grp_process_ORB_8_0_1080_1920_1_s_fu_8070,blur2_U,,chan_status27.csv
grp_process_ORB_8_0_1080_1920_1_s_fu_8070,mask2_U,,chan_status28.csv
grp_process_ORB_8_0_1080_1920_1_s_fu_8070,height_new_c31_U,,chan_status29.csv
grp_process_ORB_8_0_1080_1920_1_s_fu_8070,width_new_c32_U,,chan_status30.csv
grp_process_ORB_8_0_1080_1920_1_s_fu_8070,img3_U,,chan_status31.csv
grp_process_ORB_8_0_1080_1920_1_s_fu_8070,blur3_U,,chan_status32.csv
grp_process_ORB_8_0_1080_1920_1_s_fu_8070,mask3_U,,chan_status33.csv
grp_process_ORB_8_0_1080_1920_1_s_fu_8070,height_new_c33_U,,chan_status34.csv
grp_process_ORB_8_0_1080_1920_1_s_fu_8070,width_new_c34_U,,chan_status35.csv
grp_process_ORB_8_0_1080_1920_1_s_fu_8070,desc_U,,chan_status36.csv
