grp_process_ORB_8_0_1080_1920_1_s_fu_247,process_ORB_8_0_1080_1920_1_entry57_U0,,status1.csv
grp_process_ORB_8_0_1080_1920_1_s_fu_247,process_ORB_8_0_1080_1920_1_Block_split1_proc_U0,,status2.csv
grp_process_ORB_8_0_1080_1920_1_s_fu_247,process_input_8_0_1080_1920_1_U0,,status3.csv
grp_process_ORB_8_0_1080_1920_1_s_fu_247,process_stream2xfMat_8_0_1080_1920_1_U0,,status4.csv
grp_process_ORB_8_0_1080_1920_1_s_fu_247,process_resize_8_0_1080_1920_1_U0,,status5.csv
grp_process_ORB_8_0_1080_1920_1_s_fu_247,process_xfMat2stream_8_0_1080_1920_1_U0,,status6.csv
grp_process_ORB_8_0_1080_1920_1_s_fu_247,process_blur_8_0_1080_1920_1_U0,,status7.csv
grp_process_ORB_8_0_1080_1920_1_s_fu_247,process_fast_8_1080_1920_1_U0,,status8.csv
grp_process_ORB_8_0_1080_1920_1_s_fu_247,process_nms_8_1080_1920_1_U0,,status9.csv
grp_process_ORB_8_0_1080_1920_1_s_fu_247,process_rBRIEF_8_1080_1920_U0,,status10.csv
grp_process_ORB_8_0_1080_1920_1_s_fu_247,process_output_8_0_1080_1920_1_U0,,status11.csv
,AESL_inst_ORB_accel,,module_status1.csv
,grp_process_ORB_8_0_1080_1920_1_s_fu_247,,module_status2.csv
grp_process_ORB_8_0_1080_1920_1_s_fu_247.process_resize_8_0_1080_1920_1_U0,grp_resize_1_0_1080_1920_1080_1920_1_8_s_fu_80,,module_status3.csv
grp_process_ORB_8_0_1080_1920_1_s_fu_247.process_resize_8_0_1080_1920_1_U0.grp_resize_1_0_1080_1920_1080_1920_1_8_s_fu_80,grp_resizeNNBilinear_0_1080_1920_1_1080_1920_1_8_s_fu_48,,module_status4.csv
grp_process_ORB_8_0_1080_1920_1_s_fu_247.process_resize_8_0_1080_1920_1_U0.grp_resize_1_0_1080_1920_1080_1920_1_8_s_fu_80.grp_resizeNNBilinear_0_1080_1920_1_1080_1920_1_8_s_fu_48,grp_xfUDivResize_fu_566,,module_status5.csv
grp_process_ORB_8_0_1080_1920_1_s_fu_247.process_resize_8_0_1080_1920_1_U0.grp_resize_1_0_1080_1920_1080_1920_1_8_s_fu_80.grp_resizeNNBilinear_0_1080_1920_1_1080_1920_1_8_s_fu_48,grp_scaleCompute_17_42_20_48_16_1_s_fu_583,,module_status6.csv
grp_process_ORB_8_0_1080_1920_1_s_fu_247.process_fast_8_1080_1920_1_U0,grp_fast_score_fu_531,,module_status7.csv
grp_process_ORB_8_0_1080_1920_1_s_fu_247.process_rBRIEF_8_1080_1920_U0,grp_descriptor_fu_24325,,module_status8.csv
grp_process_ORB_8_0_1080_1920_1_s_fu_247.process_rBRIEF_8_1080_1920_U0.grp_descriptor_fu_24325,p_Val2_6_round_fixed_16_9_s_fu_11233,,module_status9.csv
grp_process_ORB_8_0_1080_1920_1_s_fu_247.process_rBRIEF_8_1080_1920_U0.grp_descriptor_fu_24325,p_Val2_8_round_fixed_16_9_s_fu_11238,,module_status10.csv
grp_process_ORB_8_0_1080_1920_1_s_fu_247.process_rBRIEF_8_1080_1920_U0.grp_descriptor_fu_24325,p_Val2_s_round_fixed_16_9_s_fu_11243,,module_status11.csv
grp_process_ORB_8_0_1080_1920_1_s_fu_247.process_rBRIEF_8_1080_1920_U0.grp_descriptor_fu_24325,p_Val2_7_round_fixed_16_9_s_fu_11248,,module_status12.csv
grp_process_ORB_8_0_1080_1920_1_s_fu_247.process_rBRIEF_8_1080_1920_U0,grp_generic_atan2_20_20_s_fu_25704,,module_status13.csv
